{"cameraMode":{"drawMode":0,"name":"Shaded","section":"Shading Mode"},"sceneLighting":true,"audioPlay":false,"sceneViewState":{"showFog":true,"showMaterialUpdate":false,"showSkybox":true,"showFlares":true,"showImageEffects":true,"showParticleSystems":true,"showVisualEffectGraphs":true,"m_FxEnabled":true},"in2DMode":false,"pivot":{"x":0.5964152216911316,"y":-5.079371452331543,"z":-16.079984664916993},"rotation":{"x":-0.5983139276504517,"y":-0.002403777791187167,"z":-0.0017949449829757214,"w":0.801256537437439},"size":21.75926399230957,"orthographic":false}