{"cameraMode":{"drawMode":0,"name":"Shaded","section":"Shading Mode"},"sceneLighting":true,"audioPlay":false,"sceneViewState":{"showFog":true,"showMaterialUpdate":false,"showSkybox":true,"showFlares":true,"showImageEffects":true,"showParticleSystems":true,"showVisualEffectGraphs":true,"m_FxEnabled":false},"in2DMode":false,"pivot":{"x":-0.5012796521186829,"y":-1.2007932662963868,"z":4.484314918518066},"rotation":{"x":-0.5378124117851257,"y":-0.011380610056221486,"z":-0.0072609116323292259,"w":0.8429568409919739},"size":9.992698669433594,"orthographic":false}