{"cameraMode":{"drawMode":0,"name":"Shaded","section":"Shading Mode"},"sceneLighting":true,"audioPlay":false,"sceneViewState":{"showFog":true,"showMaterialUpdate":false,"showSkybox":true,"showFlares":true,"showImageEffects":true,"showParticleSystems":true,"showVisualEffectGraphs":true,"m_FxEnabled":true},"in2DMode":false,"pivot":{"x":2.985281467437744,"y":10.133993148803711,"z":-1.8164470195770264},"rotation":{"x":0.017937032505869867,"y":0.7104762196540833,"z":-0.01812078431248665,"w":0.7032638192176819},"size":1.8546172380447388,"orthographic":true}