{"cameraMode":{"drawMode":0,"name":"Shaded","section":"Shading Mode"},"sceneLighting":true,"audioPlay":false,"sceneViewState":{"showFog":true,"showMaterialUpdate":false,"showSkybox":true,"showFlares":true,"showImageEffects":true,"showParticleSystems":true,"showVisualEffectGraphs":true,"m_FxEnabled":true},"in2DMode":false,"pivot":{"x":-16.331846237182618,"y":30.248939514160158,"z":-14.975059509277344},"rotation":{"x":-0.34754762053489687,"y":-0.012017954140901566,"z":-0.002049802104011178,"w":0.9377443790435791},"size":77.67998504638672,"orthographic":true}