{"cameraMode":{"drawMode":0,"name":"Shaded","section":"Shading Mode"},"sceneLighting":true,"audioPlay":false,"sceneViewState":{"showFog":true,"showMaterialUpdate":false,"showSkybox":false,"showFlares":true,"showImageEffects":true,"showParticleSystems":true,"showVisualEffectGraphs":true,"m_FxEnabled":false},"in2DMode":false,"pivot":{"x":0.07583737373352051,"y":-0.0592426061630249,"z":0.05329102277755737},"rotation":{"x":-0.5023815631866455,"y":-0.05181613937020302,"z":-0.030179066583514215,"w":0.8625649213790894},"size":0.9635002017021179,"orthographic":false}