{"cameraMode":{"drawMode":0,"name":"Shaded","section":"Shading Mode"},"sceneLighting":false,"audioPlay":false,"sceneViewState":{"showFog":true,"showMaterialUpdate":false,"showSkybox":false,"showFlares":true,"showImageEffects":true,"showParticleSystems":true},"in2DMode":false,"pivot":{"x":0.40337347984313967,"y":-0.006424605846405029,"z":-0.025540590286254884},"rotation":{"x":-0.21213555335998536,"y":0.0805182084441185,"z":0.01754108816385269,"w":0.9737628102302551},"size":2.3566715717315676,"orthographic":false}