{"cameraMode":{"drawMode":0,"name":"Shaded","section":"Shading Mode"},"sceneLighting":true,"audioPlay":false,"sceneViewState":{"showFog":true,"showMaterialUpdate":false,"showSkybox":true,"showFlares":true,"showImageEffects":true,"showParticleSystems":true},"in2DMode":false,"pivot":{"x":8.675821304321289,"y":8.329460144042969,"z":1.8629398345947266},"rotation":{"x":-0.2143094539642334,"y":-0.011720910668373108,"z":-0.0025718780234456064,"w":0.9766951203346252},"size":25.711084365844728,"orthographic":false}