{"cameraMode":{"drawMode":0,"name":"Shaded","section":"Shading Mode"},"sceneLighting":false,"audioPlay":false,"sceneViewState":{"showFog":true,"showMaterialUpdate":false,"showSkybox":true,"showFlares":true,"showImageEffects":true,"showParticleSystems":true},"in2DMode":false,"pivot":{"x":11.398595809936524,"y":9.276778221130371,"z":-4.967550277709961},"rotation":{"x":-0.4121519923210144,"y":-0.1692088097333908,"z":-0.07819618284702301,"w":0.8918448090553284},"size":20.692951202392579,"orthographic":false}